id_sample,date,date_time_end,date_time_init,end_idp,end_name,end_stop,id_link,init_idp,init_name,init_stop,lap,link,time_travel,veh,ini_lat,end_lat
109,2023-03-01,2023-03-01 14:37:49,2023-03-01 14:04:39,13277666.0,primer stop,101,0,13271047.0,inicio,100,3.0,100:101,1990.0,SJ43,"(-13.5550828, -71.8559498)","(-13.5550275, -71.8570669)"
109,2023-03-01,2023-03-01 14:39:56,2023-03-01 14:37:49,13278087.0,segundo stop,102,1,13277666.0,primer stop,101,3.0,101:102,127.0,SJ43,"(-13.5550275, -71.8570669)","(-13.5532644, -71.8622568)"
109,2023-03-01,2023-03-01 14:41:46,2023-03-01 14:39:56,13278467.0,Ccollana,103,2,13278087.0,segundo stop,102,3.0,102:103,110.0,SJ43,"(-13.5532644, -71.8622568)","(-13.552325, -71.8672449)"
109,2023-03-01,2023-03-01 14:42:30,2023-03-01 14:41:46,13278612.0,Puente Huaccoto,104,3,13278467.0,Ccollana,103,3.0,103:104,44.0,SJ43,"(-13.552325, -71.8672449)","(-13.5516429, -71.8699255)"
109,2023-03-01,2023-03-01 14:43:59,2023-03-01 14:42:30,13278918.0,Kayra,105,4,13278612.0,Puente Huaccoto,104,3.0,104:105,89.0,SJ43,"(-13.5516429, -71.8699255)","(-13.5505811, -71.8741039)"
109,2023-03-01,2023-03-01 14:44:55,2023-03-01 14:43:59,13279109.0,Forestal,106,5,13278918.0,Kayra,105,3.0,105:106,56.0,SJ43,"(-13.5505811, -71.8741039)","(-13.549935, -71.8763269)"
109,2023-03-01,2023-03-01 14:45:19,2023-03-01 14:44:55,13279202.0,Grifo Tapia,107,6,13279109.0,Forestal,106,3.0,106:107,24.0,SJ43,"(-13.549935, -71.8763269)","(-13.5493114, -71.8782991)"
109,2023-03-01,2023-03-01 14:45:53,2023-03-01 14:45:19,13279327.0,Posta,108,7,13279202.0,Grifo Tapia,107,3.0,107:108,34.0,SJ43,"(-13.5493114, -71.8782991)","(-13.5488738, -71.8798333)"
109,2023-03-01,2023-03-01 14:47:05,2023-03-01 14:45:53,13279566.0,Romeritos,109,8,13279327.0,Posta,108,3.0,108:109,72.0,SJ43,"(-13.5488738, -71.8798333)","(-13.5485154, -71.8812424)"
109,2023-03-01,2023-03-01 14:47:29,2023-03-01 14:47:05,13279657.0,Tercero,110,9,13279566.0,Romeritos,109,3.0,109:110,24.0,SJ43,"(-13.5485154, -71.8812424)","(-13.5479285, -71.8833)"
109,2023-03-01,2023-03-01 14:47:49,2023-03-01 14:47:29,13279704.0,Medio,111,10,13279657.0,Tercero,110,3.0,110:111,20.0,SJ43,"(-13.5479285, -71.8833)","(-13.5477164, -71.8841151)"
109,2023-03-01,2023-03-01 14:49:02,2023-03-01 14:47:49,13279992.0,Farmacia,112,11,13279704.0,Medio,111,3.0,111:112,73.0,SJ43,"(-13.5477164, -71.8841151)","(-13.5469641, -71.8871273)"
109,2023-03-01,2023-03-01 14:50:27,2023-03-01 14:49:02,13280245.0,Mercado Vinocanchón,113,12,13279992.0,Farmacia,112,3.0,112:113,85.0,SJ43,"(-13.5469641, -71.8871273)","(-13.5443138, -71.8875726)"
109,2023-03-01,2023-03-01 14:53:15,2023-03-01 14:50:27,13280797.0,Control,114,13,13280245.0,Mercado Vinocanchón,113,3.0,113:114,168.0,SJ43,"(-13.5443138, -71.8875726)","(-13.5463714, -71.8895876)"
109,2023-03-01,2023-03-01 14:53:53,2023-03-01 14:53:15,13280920.0,San Juan,115,14,13280797.0,Control,114,3.0,114:115,38.0,SJ43,"(-13.5463714, -71.8895876)","(-13.5459402, -71.89104)"
109,2023-03-01,2023-03-01 14:55:11,2023-03-01 14:53:53,13281189.0,Penal Quencoro,116,15,13280920.0,San Juan,115,3.0,115:116,78.0,SJ43,"(-13.5459402, -71.89104)","(-13.5448975, -71.8945146)"
109,2023-03-01,2023-03-01 14:55:42,2023-03-01 14:55:11,13281287.0,Miraflores,117,16,13281189.0,Penal Quencoro,116,3.0,116:117,31.0,SJ43,"(-13.5448975, -71.8945146)","(-13.5441899, -71.8960121)"
109,2023-03-01,2023-03-01 14:56:19,2023-03-01 14:55:42,13281399.0,San Martín,118,17,13281287.0,Miraflores,117,3.0,117:118,37.0,SJ43,"(-13.5441899, -71.8960121)","(-13.5428278, -71.8979064)"
109,2023-03-01,2023-03-01 14:56:53,2023-03-01 14:56:19,13281504.0,Maestro,119,18,13281399.0,San Martín,118,3.0,118:119,34.0,SJ43,"(-13.5428278, -71.8979064)","(-13.5417362, -71.8993254)"
109,2023-03-01,2023-03-01 14:57:21,2023-03-01 14:56:53,13281593.0,Tingo,120,19,13281504.0,Maestro,119,3.0,119:120,28.0,SJ43,"(-13.5417362, -71.8993254)","(-13.5406602, -71.9008402)"
109,2023-03-01,2023-03-01 14:57:53,2023-03-01 14:57:21,13281702.0,Teléfono,121,20,13281593.0,Tingo,120,3.0,120:121,32.0,SJ43,"(-13.5406602, -71.9008402)","(-13.5395808, -71.9023209)"
109,2023-03-01,2023-03-01 14:58:50,2023-03-01 14:57:53,13281937.0,Universidad Andina,122,21,13281702.0,Teléfono,121,3.0,121:122,57.0,SJ43,"(-13.5395808, -71.9023209)","(-13.5378963, -71.9047504)"
109,2023-03-01,2023-03-01 14:59:39,2023-03-01 14:58:50,13282065.0,Grifo,123,22,13281937.0,Universidad Andina,122,3.0,122:123,49.0,SJ43,"(-13.5378963, -71.9047504)","(-13.5370186, -71.9060021)"
109,2023-03-01,2023-03-01 15:00:11,2023-03-01 14:59:39,13282174.0,Puente Tupac Amarú,124,23,13282065.0,Grifo,123,3.0,123:124,32.0,SJ43,"(-13.5370186, -71.9060021)","(-13.536195, -71.9072821)"
109,2023-03-01,2023-03-01 15:00:46,2023-03-01 15:00:11,13282299.0,Cachimayo,125,24,13282174.0,Puente Tupac Amarú,124,3.0,124:125,35.0,SJ43,"(-13.536195, -71.9072821)","(-13.5351707, -71.9088757)"
109,2023-03-01,2023-03-01 15:01:42,2023-03-01 15:00:46,13282486.0,Enaco,126,25,13282299.0,Cachimayo,125,3.0,125:126,56.0,SJ43,"(-13.5351707, -71.9088757)","(-13.5334993, -71.9114677)"
109,2023-03-01,2023-03-01 15:02:27,2023-03-01 15:01:42,13282655.0,Sol de oro,127,26,13282486.0,Enaco,126,3.0,126:127,45.0,SJ43,"(-13.5334993, -71.9114677)","(-13.5317851, -71.9141655)"
109,2023-03-01,2023-03-01 15:02:52,2023-03-01 15:02:27,13282736.0,San Miguel,128,27,13282655.0,Sol de oro,127,3.0,127:128,25.0,SJ43,"(-13.5317851, -71.9141655)","(-13.53151, -71.916148)"
109,2023-03-01,2023-03-01 15:03:37,2023-03-01 15:02:52,13282896.0,Mercadillo,129,28,13282736.0,San Miguel,128,3.0,128:129,45.0,SJ43,"(-13.53151, -71.916148)","(-13.532293, -71.9192949)"
109,2023-03-01,2023-03-01 15:04:58,2023-03-01 15:03:37,13283169.0,Santa Rosa,130,29,13282896.0,Mercadillo,129,3.0,129:130,81.0,SJ43,"(-13.532293, -71.9192949)","(-13.5326221, -71.9209087)"
109,2023-03-01,2023-03-01 15:05:30,2023-03-01 15:04:58,13283275.0,Camionero,131,30,13283169.0,Santa Rosa,130,3.0,130:131,32.0,SJ43,"(-13.5326221, -71.9209087)","(-13.5328207, -71.922758)"
109,2023-03-01,2023-03-01 15:06:06,2023-03-01 15:05:30,13283381.0,Séptimo,132,31,13283275.0,Camionero,131,3.0,131:132,36.0,SJ43,"(-13.5328207, -71.922758)","(-13.5321013, -71.9256763)"
109,2023-03-01,2023-03-01 15:06:32,2023-03-01 15:06:06,13283476.0,Sexto,133,32,13283381.0,Séptimo,132,3.0,132:133,26.0,SJ43,"(-13.5321013, -71.9256763)","(-13.5316238, -71.9272078)"
109,2023-03-01,2023-03-01 15:07:20,2023-03-01 15:06:32,13283636.0,Quinto,134,33,13283476.0,Sexto,133,3.0,133:134,48.0,SJ43,"(-13.5316238, -71.9272078)","(-13.5309255, -71.9297556)"
109,2023-03-01,2023-03-01 15:08:48,2023-03-01 15:07:20,13283920.0,Cuarto,135,34,13283636.0,Quinto,134,3.0,134:135,88.0,SJ43,"(-13.5309255, -71.9297556)","(-13.5301108, -71.9322423)"
109,2023-03-01,2023-03-01 15:09:53,2023-03-01 15:08:48,13284125.0,Tercero,136,35,13283920.0,Cuarto,135,3.0,135:136,65.0,SJ43,"(-13.5301108, -71.9322423)","(-13.5294193, -71.9349981)"
109,2023-03-01,2023-03-01 15:10:08,2023-03-01 15:09:53,13284171.0,Segundo,137,36,13284125.0,Tercero,136,3.0,136:137,15.0,SJ43,"(-13.5294193, -71.9349981)","(-13.5292259, -71.935755)"
109,2023-03-01,2023-03-01 15:11:03,2023-03-01 15:10:08,13284357.0,Callejon,138,37,13284171.0,Segundo,137,3.0,137:138,55.0,SJ43,"(-13.5292259, -71.935755)","(-13.5284552, -71.9383715)"
109,2023-03-01,2023-03-01 15:11:44,2023-03-01 15:11:03,13284465.0,Primero,139,38,13284357.0,Callejon,138,3.0,138:139,41.0,SJ43,"(-13.5284552, -71.9383715)","(-13.5280474, -71.939938)"
109,2023-03-01,2023-03-01 15:12:20,2023-03-01 15:11:44,13284575.0,Santa Úrsula,140,39,13284465.0,Primero,139,3.0,139:140,36.0,SJ43,"(-13.5280474, -71.939938)","(-13.5276146, -71.9426422)"
109,2023-03-01,2023-03-01 15:12:59,2023-03-01 15:12:20,13284704.0,Marcavalle,141,40,13284575.0,Santa Úrsula,140,3.0,140:141,39.0,SJ43,"(-13.5276146, -71.9426422)","(-13.5273488, -71.9454367)"
109,2023-03-01,2023-03-01 15:14:52,2023-03-01 15:12:59,13285056.0,Magisterio,142,41,13284704.0,Marcavalle,141,3.0,141:142,113.0,SJ43,"(-13.5273488, -71.9454367)","(-13.5266685, -71.9482558)"
109,2023-03-01,2023-03-01 15:16:18,2023-03-01 15:14:52,13285322.0,Seminario,143,42,13285056.0,Magisterio,142,3.0,142:143,86.0,SJ43,"(-13.5266685, -71.9482558)","(-13.5258881, -71.9508591)"
109,2023-03-01,2023-03-01 15:17:40,2023-03-01 15:16:18,13285591.0,Prado,144,43,13285322.0,Seminario,143,3.0,143:144,82.0,SJ43,"(-13.5258881, -71.9508591)","(-13.5253902, -71.9529107)"
109,2023-03-01,2023-03-01 15:18:16,2023-03-01 15:17:40,13285710.0,Hospital regional,145,44,13285591.0,Prado,144,3.0,144:145,36.0,SJ43,"(-13.5253902, -71.9529107)","(-13.5243478, -71.9558799)"
109,2023-03-01,2023-03-01 15:20:09,2023-03-01 15:18:16,13286248.0,Puerta Universidad UNSAAC,146,45,13285710.0,Hospital regional,145,3.0,145:146,113.0,SJ43,"(-13.5243478, -71.9558799)","(-13.5233069, -71.9593572)"
109,2023-03-01,2023-03-01 15:21:18,2023-03-01 15:20:09,13286312.0,Amauta,147,46,13286248.0,Puerta Universidad UNSAAC,146,3.0,146:147,69.0,SJ43,"(-13.5233069, -71.9593572)","(-13.5221236, -71.9634248)"
109,2023-03-01,2023-03-01 15:22:23,2023-03-01 15:21:18,13286525.0,Servicentro,148,47,13286312.0,Amauta,147,3.0,147:148,65.0,SJ43,"(-13.5221236, -71.9634248)","(-13.5216043, -71.9650154)"
109,2023-03-01,2023-03-01 15:23:09,2023-03-01 15:22:23,13286687.0,Colegio Garcilaso,149,48,13286525.0,Servicentro,148,3.0,148:149,46.0,SJ43,"(-13.5216043, -71.9650154)","(-13.521147, -71.9666407)"
109,2023-03-01,2023-03-01 15:24:09,2023-03-01 15:23:09,13286871.0,Colegio Clorinda,150,49,13286687.0,Colegio Garcilaso,149,3.0,149:150,60.0,SJ43,"(-13.521147, -71.9666407)","(-13.5203508, -71.9704153)"
109,2023-03-01,2023-03-01 15:26:05,2023-03-01 15:24:09,13287263.0,Mercado Wuanchaq,151,50,13286871.0,Colegio Clorinda,150,3.0,150:151,116.0,SJ43,"(-13.5203508, -71.9704153)","(-13.5224179, -71.9720219)"
109,2023-03-01,2023-03-01 15:26:26,2023-03-01 15:26:05,13287326.0,Paccha,152,51,13287263.0,Mercado Wuanchaq,151,3.0,151:152,21.0,SJ43,"(-13.5224179, -71.9720219)","(-13.5231744, -71.9719753)"
109,2023-03-01,2023-03-01 15:28:08,2023-03-01 15:26:26,13287679.0,Estación,153,52,13287326.0,Paccha,152,3.0,152:153,102.0,SJ43,"(-13.5231744, -71.9719753)","(-13.5256161, -71.9722298)"
109,2023-03-01,2023-03-01 15:29:21,2023-03-01 15:28:08,13287932.0,Gradas,154,53,13287679.0,Estación,153,3.0,153:154,73.0,SJ43,"(-13.5256161, -71.9722298)","(-13.526358, -71.9724685)"
109,2023-03-01,2023-03-01 15:30:34,2023-03-01 15:29:21,13288204.0,Puente Grau,155,54,13287932.0,Gradas,154,3.0,154:155,73.0,SJ43,"(-13.526358, -71.9724685)","(-13.524975, -71.9767024)"
109,2023-03-01,2023-03-01 15:31:58,2023-03-01 15:30:34,13288455.0,Belén,156,55,13288204.0,Puente Grau,155,3.0,155:156,84.0,SJ43,"(-13.524975, -71.9767024)","(-13.5236902, -71.9794215)"
109,2023-03-01,2023-03-01 15:35:13,2023-03-01 15:31:58,13289086.0,Centro comercial Paraíso,157,56,13288455.0,Belén,156,3.0,156:157,195.0,SJ43,"(-13.5236902, -71.9794215)","(-13.5224854, -71.981779)"
109,2023-03-01,2023-03-01 15:38:08,2023-03-01 15:35:13,13289611.0,Puente Santiago,158,57,13289086.0,Centro comercial Paraíso,157,3.0,157:158,175.0,SJ43,"(-13.5224854, -71.981779)","(-13.5229955, -71.9828382)"
109,2023-03-01,2023-03-01 15:39:40,2023-03-01 15:38:08,13289910.0,Plaza Santiago,159,58,13289611.0,Puente Santiago,158,3.0,158:159,92.0,SJ43,"(-13.5229955, -71.9828382)","(-13.525141, -71.9835062)"
109,2023-03-01,2023-03-01 15:40:32,2023-03-01 15:39:40,13290073.0,Colegio,160,59,13289910.0,Plaza Santiago,159,3.0,159:160,52.0,SJ43,"(-13.525141, -71.9835062)","(-13.526144, -71.9819048)"
109,,,,,Entrada Zarzuela,161,60,,Colegio,160,,160:161,,,,
109,,,,,Puente Zarzuela,162,61,,Entrada Zarzuela,161,,161:162,,,,
109,2023-03-01,2023-03-01 15:43:34,2023-03-01 15:42:36,13290667.0,Primero de Mayo,163,62,13290494.0,Puente Zarzuela,162,3.0,162:163,58.0,SJ43,"(-13.52803, -71.9833766)","(-13.5295747, -71.9831427)"
109,2023-03-01,2023-03-01 15:44:16,2023-03-01 15:43:34,13290820.0,Pegaso,164,63,13290667.0,Primero de Mayo,163,3.0,163:164,42.0,SJ43,"(-13.5295747, -71.9831427)","(-13.5309328, -71.9826768)"
109,2023-03-01,2023-03-01 15:44:47,2023-03-01 15:44:16,13290934.0,Colegio,165,64,13290820.0,Pegaso,164,3.0,164:165,31.0,SJ43,"(-13.5309328, -71.9826768)","(-13.530789, -71.9819853)"
109,,,,,Esquina,166,65,,Colegio,165,,165:166,,,,
109,,,,,Desvio,167,66,,Esquina,166,,166:167,,,,
109,2023-03-01,2023-03-01 15:47:45,2023-03-01 15:47:17,13291554.0,Colegio,168,67,13291542.0,Desvio,167,3.0,167:168,28.0,SJ43,"(-13.5335431, -71.9806861)","(-13.5354519, -71.9805242)"
109,2023-03-01,2023-03-01 15:48:11,2023-03-01 15:47:45,13291581.0,Mercado,169,68,13291554.0,Colegio,168,3.0,168:169,26.0,SJ43,"(-13.5354519, -71.9805242)","(-13.5362036, -71.9802893)"
109,2023-03-01,2023-03-01 15:48:57,2023-03-01 15:48:11,13291738.0,Puerto,170,69,13291581.0,Mercado,169,3.0,169:170,46.0,SJ43,"(-13.5362036, -71.9802893)","(-13.5375935, -71.9801782)"
109,2023-03-01,2023-03-01 15:49:21,2023-03-01 15:48:57,13291822.0,Gradas,171,70,13291738.0,Puerto,170,3.0,170:171,24.0,SJ43,"(-13.5375935, -71.9801782)","(-13.539523, -71.9811067)"
109,2023-03-01,2023-03-01 15:49:36,2023-03-01 15:49:21,13291865.0,Esquina,172,71,13291822.0,Gradas,171,3.0,171:172,15.0,SJ43,"(-13.539523, -71.9811067)","(-13.5402136, -71.981348)"
109,2023-03-01,2023-03-01 15:49:56,2023-03-01 15:49:36,13291936.0,Salcantay,173,72,13291865.0,Esquina,172,3.0,172:173,20.0,SJ43,"(-13.5402136, -71.981348)","(-13.541042, -71.9815063)"
109,2023-03-01,2023-03-01 15:50:08,2023-03-01 15:49:56,13291988.0,Puente,174,73,13291936.0,Salcantay,173,3.0,173:174,12.0,SJ43,"(-13.541042, -71.9815063)","(-13.5418317, -71.9820778)"
109,2023-03-01,2023-03-01 15:51:13,2023-03-01 15:50:08,13292192.0,Grifo entrada,175,74,13291988.0,Puente,174,3.0,174:175,65.0,SJ43,"(-13.5418317, -71.9820778)","(-13.5429963, -71.9820283)"
109,2023-03-01,2023-03-01 15:51:53,2023-03-01 15:51:13,13292310.0,Esquina,176,75,13292192.0,Grifo entrada,175,3.0,175:176,40.0,SJ43,"(-13.5429963, -71.9820283)","(-13.5443797, -71.9820717)"
109,2023-03-01,2023-03-01 15:53:15,2023-03-01 15:51:53,13292602.0,Subida,177,76,13292310.0,Esquina,176,3.0,176:177,82.0,SJ43,"(-13.5443797, -71.9820717)","(-13.5462051, -71.98435)"
109,2023-03-01,2023-03-01 15:53:27,2023-03-01 15:53:15,13292640.0,Primero,178,77,13292602.0,Subida,177,3.0,177:178,12.0,SJ43,"(-13.5462051, -71.98435)","(-13.5472686, -71.9850327)"
109,,,,,Segundo,179,78,,Primero,178,,178:179,,,,
109,,,,,Reservorio,180,79,,Segundo,179,,179:180,,,,
109,2023-03-01,2023-03-01 15:54:32,2023-03-01 15:54:20,13292877.0,Cuarto,181,80,13292840.0,Reservorio,180,3.0,180:181,12.0,SJ43,"(-13.5497188, -71.9880496)","(-13.5504797, -71.9889422)"
109,2023-03-01,2023-03-01 16:04:46,2023-03-01 15:54:32,13294987.0,Quinto,182,81,13292877.0,Cuarto,181,3.0,181:182,614.0,SJ43,"(-13.5504797, -71.9889422)","(-13.5512186, -71.9897134)"
109,2023-03-01,2023-03-01 16:05:30,2023-03-01 16:04:46,13295142.0,Sexto,183,82,13294987.0,Quinto,182,3.0,182:183,44.0,SJ43,"(-13.5512186, -71.9897134)","(-13.5516894, -71.99094)"
109,2023-03-01,2023-03-01 16:05:56,2023-03-01 16:05:30,13295244.0,Quinto,184,83,13295142.0,Sexto,183,3.0,183:184,26.0,SJ43,"(-13.5516894, -71.99094)","(-13.5505632, -71.9891521)"
109,2023-03-01,2023-03-01 16:06:56,2023-03-01 16:05:56,13295456.0,Segundo,185,84,13295244.0,Quinto,184,3.0,184:185,60.0,SJ43,"(-13.5505632, -71.9891521)","(-13.5483192, -71.9860954)"
109,2023-03-01,2023-03-01 16:07:59,2023-03-01 16:06:56,13295690.0,Subida,186,85,13295456.0,Segundo,185,3.0,185:186,63.0,SJ43,"(-13.5483192, -71.9860954)","(-13.5466437, -71.9846994)"
109,2023-03-01,2023-03-01 16:09:40,2023-03-01 16:07:59,13296056.0,Esquina,187,86,13295690.0,Subida,186,3.0,186:187,101.0,SJ43,"(-13.5466437, -71.9846994)","(-13.5445107, -71.9819516)"
109,2023-03-01,2023-03-01 16:10:52,2023-03-01 16:09:40,13296296.0,Grifo,188,87,13296056.0,Esquina,187,3.0,187:188,72.0,SJ43,"(-13.5445107, -71.9819516)","(-13.5431297, -71.9820393)"
109,2023-03-01,2023-03-01 16:11:59,2023-03-01 16:10:52,13296535.0,Puente,189,88,13296296.0,Grifo,188,3.0,188:189,67.0,SJ43,"(-13.5431297, -71.9820393)","(-13.5417971, -71.982115)"
109,2023-03-01,2023-03-01 16:12:12,2023-03-01 16:11:59,13296561.0,Salcantay,190,89,13296535.0,Puente,189,3.0,189:190,13.0,SJ43,"(-13.5417971, -71.982115)","(-13.5412692, -71.9817026)"
109,2023-03-01,2023-03-01 16:12:58,2023-03-01 16:12:12,13296725.0,Gradas,191,90,13296561.0,Salcantay,190,3.0,190:191,46.0,SJ43,"(-13.5412692, -71.9817026)","(-13.5392194, -71.9809607)"
109,2023-03-01,2023-03-01 16:13:22,2023-03-01 16:12:58,13296797.0,Puerto,192,91,13296725.0,Gradas,191,3.0,191:192,24.0,SJ43,"(-13.5392194, -71.9809607)","(-13.5377058, -71.9802183)"
109,2023-03-01,2023-03-01 16:14:38,2023-03-01 16:13:22,13297063.0,Mercado,193,92,13296797.0,Puerto,192,3.0,192:193,76.0,SJ43,"(-13.5377058, -71.9802183)","(-13.5363818, -71.9802434)"
109,2023-03-01,2023-03-01 16:16:05,2023-03-01 16:14:38,13297354.0,Colegio,194,93,13297063.0,Mercado,193,3.0,193:194,87.0,SJ43,"(-13.5363818, -71.9802434)","(-13.5351691, -71.9805455)"
109,,,,,Desvío,195,94,,Colegio,194,,194:195,,,,
109,,,,,Colegio,196,95,,Desvío,195,,195:196,,,,
109,2023-03-01,2023-03-01 16:20:21,2023-03-01 16:19:06,13298450.0,Pegaso,197,96,13298038.0,Colegio,196,3.0,196:197,75.0,SJ43,"(-13.5306932, -71.9816456)","(-13.5306897, -71.9827913)"
109,2023-03-01,2023-03-01 16:20:37,2023-03-01 16:20:21,13298452.0,Primero de Mayo,198,97,13298450.0,Pegaso,197,3.0,197:198,16.0,SJ43,"(-13.5306897, -71.9827913)","(-13.530004, -71.9829969)"
109,2023-03-01,2023-03-01 16:21:36,2023-03-01 16:20:37,13298510.0,Puente Zarzuela,199,98,13298452.0,Primero de Mayo,198,3.0,198:199,59.0,SJ43,"(-13.530004, -71.9829969)","(-13.5285304, -71.9835737)"
109,,,,,Entrada,200,99,,Puente Zarzuela,199,,199:200,,,,
109,,,,,Esquina,201,100,,Entrada,200,,200:201,,,,
109,,,,,Plaza Santiago,202,101,,Esquina,201,,201:202,,,,
109,,,,,"Centro comercial, Paraíso",203,102,,Plaza Santiago,202,,202:203,,,,
109,2023-03-01,2023-03-01 16:30:01,2023-03-01 16:25:35,13300340.0,Belén,204,103,13299439.0,"Centro comercial, Paraíso",203,3.0,203:204,266.0,SJ43,"(-13.52298, -71.9826939)","(-13.5233982, -71.9799914)"
109,2023-03-01,2023-03-01 16:34:01,2023-03-01 16:30:01,13301201.0,San Miguel,205,104,13300340.0,Belén,204,3.0,204:205,240.0,SJ43,"(-13.5233982, -71.9799914)","(-13.5251508, -71.9769785)"
109,2023-03-01,2023-03-01 16:35:10,2023-03-01 16:34:01,13301455.0,Gradas,206,105,13301201.0,San Miguel,205,3.0,205:206,69.0,SJ43,"(-13.5251508, -71.9769785)","(-13.5261159, -71.9736194)"
109,2023-03-01,2023-03-01 16:38:01,2023-03-01 16:35:10,13302012.0,Estación,207,106,13301455.0,Gradas,206,3.0,206:207,171.0,SJ43,"(-13.5261159, -71.9736194)","(-13.5253938, -71.9722162)"
109,2023-03-01,2023-03-01 16:39:19,2023-03-01 16:38:01,13302258.0,La Salle,208,107,13302012.0,Estación,207,3.0,207:208,78.0,SJ43,"(-13.5253938, -71.9722162)","(-13.5231377, -71.9728213)"
109,2023-03-01,2023-03-01 16:41:06,2023-03-01 16:39:19,13302608.0,Huayna Capac,209,108,13302258.0,La Salle,208,3.0,208:209,107.0,SJ43,"(-13.5231377, -71.9728213)","(-13.5226029, -71.9702786)"
109,2023-03-01,2023-03-01 16:42:59,2023-03-01 16:41:06,13302949.0,Garcilaso,210,109,13302608.0,Huayna Capac,209,3.0,209:210,113.0,SJ43,"(-13.5226029, -71.9702786)","(-13.5211313, -71.9667694)"
109,,,,,Amauta,211,110,,Garcilaso,210,,210:211,,,,
109,,,,,"Puerta Universidad, UNSAAC",212,111,,Amauta,211,,211:212,,,,
109,2023-03-01,2023-03-01 16:48:08,2023-03-01 16:44:57,13303951.0,Hospital regional,213,112,13303340.0,"Puerta Universidad, UNSAAC",212,3.0,212:213,191.0,SJ43,"(-13.5233505, -71.9597218)","(-13.5244622, -71.9561082)"
109,2023-03-01,2023-03-01 16:50:16,2023-03-01 16:48:08,13304376.0,Prado,214,113,13303951.0,Hospital regional,213,3.0,213:214,128.0,SJ43,"(-13.5244622, -71.9561082)","(-13.5257134, -71.9520866)"
109,2023-03-01,2023-03-01 16:51:27,2023-03-01 16:50:16,13304580.0,Magisterio,215,114,13304376.0,Prado,214,3.0,214:215,71.0,SJ43,"(-13.5257134, -71.9520866)","(-13.526699, -71.9488336)"
109,,,,,Marcavalle,216,115,,Magisterio,215,,215:216,,,,
109,,,,,Santa Úrsula,217,116,,Marcavalle,216,,216:217,,,,
109,2023-03-01,2023-03-01 16:54:40,2023-03-01 16:54:04,13305219.0,Primero,218,117,13305065.0,Santa Úrsula,217,3.0,217:218,36.0,SJ43,"(-13.5277246, -71.9430961)","(-13.528188, -71.9398552)"
109,2023-03-01,2023-03-01 16:55:21,2023-03-01 16:54:40,13305317.0,Callejon,219,118,13305219.0,Primero,218,3.0,218:219,41.0,SJ43,"(-13.528188, -71.9398552)","(-13.5287857, -71.9381344)"
109,2023-03-01,2023-03-01 16:55:57,2023-03-01 16:55:21,13305437.0,Segundo,220,119,13305317.0,Callejon,219,3.0,219:220,36.0,SJ43,"(-13.5287857, -71.9381344)","(-13.5293013, -71.9362283)"
109,2023-03-01,2023-03-01 16:56:29,2023-03-01 16:55:57,13305549.0,Tercero,221,120,13305437.0,Segundo,220,3.0,220:221,32.0,SJ43,"(-13.5293013, -71.9362283)","(-13.529697, -71.9346829)"
109,2023-03-01,2023-03-01 16:57:10,2023-03-01 16:56:29,13305683.0,Cuarto,222,121,13305549.0,Tercero,221,3.0,221:222,41.0,SJ43,"(-13.529697, -71.9346829)","(-13.530227, -71.9328922)"
109,2023-03-01,2023-03-01 16:57:58,2023-03-01 16:57:10,13305833.0,Quinto,223,122,13305683.0,Cuarto,222,3.0,222:223,48.0,SJ43,"(-13.530227, -71.9328922)","(-13.5309255, -71.9301998)"
109,2023-03-01,2023-03-01 16:58:31,2023-03-01 16:57:58,13305945.0,Sexto,224,123,13305833.0,Quinto,223,3.0,223:224,33.0,SJ43,"(-13.5309255, -71.9301998)","(-13.5314461, -71.9283333)"
109,2023-03-01,2023-03-01 16:58:55,2023-03-01 16:58:31,13306023.0,Séptimo,225,124,13305945.0,Sexto,224,3.0,224:225,24.0,SJ43,"(-13.5314461, -71.9283333)","(-13.5322615, -71.9255587)"
109,2023-03-01,2023-03-01 16:59:19,2023-03-01 16:58:55,13306102.0,Camionero,226,125,13306023.0,Séptimo,225,3.0,225:226,24.0,SJ43,"(-13.5322615, -71.9255587)","(-13.533023, -71.9224425)"
109,2023-03-01,2023-03-01 16:59:57,2023-03-01 16:59:19,13306237.0,Santa Rosa,227,126,13306102.0,Camionero,226,3.0,226:227,38.0,SJ43,"(-13.533023, -71.9224425)","(-13.5328128, -71.9206782)"
109,2023-03-01,2023-03-01 17:00:09,2023-03-01 16:59:57,13306280.0,Mercadillo,228,127,13306237.0,Santa Rosa,227,3.0,227:228,12.0,SJ43,"(-13.5328128, -71.9206782)","(-13.5325182, -71.9197127)"
109,2023-03-01,2023-03-01 17:00:33,2023-03-01 17:00:09,13306359.0,San Miguel,229,128,13306280.0,Mercadillo,228,3.0,228:229,24.0,SJ43,"(-13.5325182, -71.9197127)","(-13.5317659, -71.9164241)"
109,2023-03-01,2023-03-01 17:01:05,2023-03-01 17:00:33,13306446.0,Sol de Oro,230,129,13306359.0,San Miguel,229,3.0,229:230,32.0,SJ43,"(-13.5317659, -71.9164241)","(-13.5318673, -71.9144364)"
109,2023-03-01,2023-03-01 17:02:08,2023-03-01 17:01:05,13306638.0,Enaco,231,130,13306446.0,Sol de Oro,230,3.0,230:231,63.0,SJ43,"(-13.5318673, -71.9144364)","(-13.5333168, -71.9121149)"
109,2023-03-01,2023-03-01 17:03:02,2023-03-01 17:02:08,13306837.0,Cachimayo,232,131,13306638.0,Enaco,231,3.0,231:232,54.0,SJ43,"(-13.5333168, -71.9121149)","(-13.5350197, -71.909619)"
109,2023-03-01,2023-03-01 17:04:06,2023-03-01 17:03:02,13307041.0,Puente Tupac Amarú,233,132,13306837.0,Cachimayo,232,3.0,232:233,64.0,SJ43,"(-13.5350197, -71.909619)","(-13.5363242, -71.9075164)"
109,2023-03-01,2023-03-01 17:04:22,2023-03-01 17:04:06,13307094.0,Grifo,234,133,13307041.0,Puente Tupac Amarú,233,3.0,233:234,16.0,SJ43,"(-13.5363242, -71.9075164)","(-13.5368021, -71.9068434)"
109,2023-03-01,2023-03-01 17:05:09,2023-03-01 17:04:22,13307419.0,Universidad Andina,235,134,13307094.0,Grifo,234,3.0,234:235,47.0,SJ43,"(-13.5368021, -71.9068434)","(-13.5382521, -71.9044024)"
109,2023-03-01,2023-03-01 17:05:33,2023-03-01 17:05:09,13307432.0,Teléfono,236,135,13307419.0,Universidad Andina,235,3.0,235:236,24.0,SJ43,"(-13.5382521, -71.9044024)","(-13.5394259, -71.9026906)"
109,2023-03-01,2023-03-01 17:06:07,2023-03-01 17:05:33,13307438.0,Tíngo,237,136,13307432.0,Teléfono,236,3.0,236:237,34.0,SJ43,"(-13.5394259, -71.9026906)","(-13.5405562, -71.9013213)"
109,2023-03-01,2023-03-01 17:06:31,2023-03-01 17:06:07,13307477.0,Maestro,238,137,13307438.0,Tíngo,237,3.0,237:238,24.0,SJ43,"(-13.5405562, -71.9013213)","(-13.5416937, -71.8998127)"
109,2023-03-01,2023-03-01 17:07:10,2023-03-01 17:06:31,13307591.0,San Martin,239,138,13307477.0,Maestro,238,3.0,238:239,39.0,SJ43,"(-13.5416937, -71.8998127)","(-13.5426934, -71.8983993)"
109,2023-03-01,2023-03-01 17:07:50,2023-03-01 17:07:10,13307736.0,Miraflores,240,139,13307591.0,San Martin,239,3.0,239:240,40.0,SJ43,"(-13.5426934, -71.8983993)","(-13.5443075, -71.8960322)"
109,2023-03-01,2023-03-01 17:08:14,2023-03-01 17:07:50,13307825.0,Penal Quencoro,241,140,13307736.0,Miraflores,240,3.0,240:241,24.0,SJ43,"(-13.5443075, -71.8960322)","(-13.5451306, -71.8944262)"
109,2023-03-01,2023-03-01 17:08:38,2023-03-01 17:08:14,13307907.0,San Juan,242,141,13307825.0,Penal Quencoro,241,3.0,241:242,24.0,SJ43,"(-13.5451306, -71.8944262)","(-13.5456114, -71.8925586)"
109,2023-03-01,2023-03-01 17:09:30,2023-03-01 17:08:38,13308070.0,Control,243,142,13307907.0,San Juan,242,3.0,242:243,52.0,SJ43,"(-13.5456114, -71.8925586)","(-13.5458133, -71.8898157)"
109,,,,,Mercado,244,143,,Control,243,,243:244,,,,
109,,,,,Farmacia,245,144,,Mercado,244,,244:245,,,,
109,2023-03-01,2023-03-01 17:15:37,2023-03-01 17:15:24,13309225.0,Medio,246,145,13309183.0,Farmacia,245,3.0,245:246,13.0,SJ43,"(-13.5471479, -71.8864222)","(-13.5472778, -71.8856797)"
109,2023-03-01,2023-03-01 17:16:21,2023-03-01 17:15:37,13309379.0,Tercero,247,146,13309225.0,Medio,246,3.0,246:247,44.0,SJ43,"(-13.5472778, -71.8856797)","(-13.5478726, -71.8834567)"
109,2023-03-01,2023-03-01 17:16:45,2023-03-01 17:16:21,13309441.0,Romeritos,248,147,13309379.0,Tercero,247,3.0,247:248,24.0,SJ43,"(-13.5478726, -71.8834567)","(-13.548542, -71.88142)"
109,2023-03-01,2023-03-01 17:17:15,2023-03-01 17:16:45,13309557.0,Posta,249,148,13309441.0,Romeritos,248,3.0,248:249,30.0,SJ43,"(-13.548542, -71.88142)","(-13.5490034, -71.8797405)"
109,2023-03-01,2023-03-01 17:17:27,2023-03-01 17:17:15,13309590.0,Tapia,250,149,13309557.0,Posta,249,3.0,249:250,12.0,SJ43,"(-13.5490034, -71.8797405)","(-13.5492024, -71.8788978)"
109,2023-03-01,2023-03-01 17:18:16,2023-03-01 17:17:27,13309738.0,Forestal,251,150,13309590.0,Tapia,250,3.0,250:251,49.0,SJ43,"(-13.5492024, -71.8788978)","(-13.5499915, -71.8762344)"
109,2023-03-01,2023-03-01 17:18:40,2023-03-01 17:18:16,13309820.0,Kayra,252,151,13309738.0,Forestal,251,3.0,251:252,24.0,SJ43,"(-13.5499915, -71.8762344)","(-13.5505434, -71.8744531)"
109,2023-03-01,2023-03-01 17:20:18,2023-03-01 17:18:40,13310127.0,Puente,253,152,13309820.0,Kayra,252,3.0,252:253,98.0,SJ43,"(-13.5505434, -71.8744531)","(-13.5515743, -71.8703316)"
109,2023-03-01,2023-03-01 17:20:57,2023-03-01 17:20:18,13310244.0,Ccollana,254,153,13310127.0,Puente,253,3.0,253:254,39.0,SJ43,"(-13.5515743, -71.8703316)","(-13.5523757, -71.8675839)"
